id,name,2014,2015a,2015,2016,2017,2018
Column,ΓΕΝΙΚΟ ΣΥΝΟΛΟ - GRAND TOTAL,8.021.744.132,9.284.007.956,8.723.603.769,7.391.886.215,7.508.137.997,7.690.250.800
01,ΣYNTAΓMATIKEΣ EΞOYΣIEΣ -  CONSTITUTIONAL POWERS,5.1040024E7,5.584098E7,5.1122401E7,6.2453406E7,5.7147991E7,5.8826401E7
0101,ΠPOEΔPIA KAI ΠPOEΔPIKO MEΓAPO -  PRESIDENCY AND PRESIDENTIAL PALACE,5172992.0,5573192.0,5392258.0,5374148.0,5444545.0,5520957.0
0101-1,1 ΠΑΓΙΟ ΤΑΜΕΙΟ -  CONSOLIDATED FUND,163165.0,165712.0,163165.0,165712.0,167015.0,168328.0
0101-2,2 ΤΑΚΤΙΚΕΣ ΔΑΠΑΝΕΣ -  CURRENT EXPENDITURE,5009827.0,5407450.0,5229093.0,5208406.0,5277500.0,5352599.0
0101-3,3 ΑΝΑΠΤΥΞΙΑΚΕΣ ΔΑΠΑΝΕΣ -  DEVELOPMENT EXPENDITURE,0.0,30.0,0.0,30.0,30.0,30.0
0103,YΠOYPΓIKO ΣYMBOYΛIO -  COUNCIL OF MINISTERS,1369930.0,1702929.0,1628788.0,1664572.0,1652468.0,1312627.0
0103-2,2 ΤΑΚΤΙΚΕΣ ΔΑΠΑΝΕΣ -  CURRENT EXPENDITURE,1369930.0,1702919.0,1628788.0,1664562.0,1652458.0,1312617.0
0103-3,3 ΑΝΑΠΤΥΞΙΑΚΕΣ ΔΑΠΑΝΕΣ -  DEVELOPMENT EXPENDITURE,0.0,10.0,0.0,10.0,10.0,10.0
0104,BOYΛH TΩN ANTIΠPOΣΩΠΩN -  HOUSE OF REPRESENTATIVES,1.9653579E7,2.194867E7,1.9706864E7,2.5356179E7,2.0652622E7,2.3420115E7
0104-2,2 ΤΑΚΤΙΚΕΣ ΔΑΠΑΝΕΣ -  CURRENT EXPENDITURE,1.9314162E7,2.151927E7,1.9366944E7,2.4846539E7,2.0307982E7,2.3075475E7
0104-3,3 ΑΝΑΠΤΥΞΙΑΚΕΣ ΔΑΠΑΝΕΣ -  DEVELOPMENT EXPENDITURE,339417.0,429400.0,339920.0,509640.0,344640.0,344640.0
0105,ΔIKAΣTIKH YΠHPEΣIA -  JUDICIAL SERVICE,2.4843524E7,2.6616189E7,2.4394491E7,3.0058507E7,2.9398356E7,2.8572702E7
0105-1,1 ΠΑΓΙΟ ΤΑΜΕΙΟ -  CONSOLIDATED FUND,3633866.0,4072334.0,3658421.0,4079479.0,4097595.0,4116975.0
0105-2,2 ΤΑΚΤΙΚΕΣ ΔΑΠΑΝΕΣ -  CURRENT EXPENDITURE,2.1148878E7,2.2543625E7,2.073607E7,2.3558808E7,2.3870541E7,2.4315507E7
0105-3,3 ΑΝΑΠΤΥΞΙΑΚΕΣ ΔΑΠΑΝΕΣ -  DEVELOPMENT EXPENDITURE,60780.0,230.0,0.0,2420220.0,1430220.0,140220.0
02,ΣYNTAΓMATIKEΣ YΠHPEΣIEΣ -  CONSTITUTIONAL SERVICES,2.2488861E7,2.5130999E7,2.4780197E7,2.3019916E7,2.1138183E7,2.1546272E7
0201,NOMIKH YΠHPEΣIA -  LAW OFFICE,1.6554727E7,1.8562103E7,1.8607287E7,1.6833972E7,1.4825389E7,1.510329E7
0201-1,1 ΠΑΓΙΟ ΤΑΜΕΙΟ -  CONSOLIDATED FUND,5796675.0,4329684.0,5222451.0,3829684.0,3832458.0,3835459.0
0201-2,2 ΤΑΚΤΙΚΕΣ ΔΑΠΑΝΕΣ -  CURRENT EXPENDITURE,1.0347003E7,1.3814824E7,1.2977225E7,1.2907208E7,1.0992841E7,1.1267741E7
0201-3,3 ΑΝΑΠΤΥΞΙΑΚΕΣ ΔΑΠΑΝΕΣ -  DEVELOPMENT EXPENDITURE,411048.0,417595.0,407611.0,97080.0,90.0,90.0
0202,EΛEΓKTIKH YΠHPEΣIA -  AUDIT OFFICE,5030118.0,5505426.0,4950344.0,5276696.0,5385596.0,5503085.0
0202-1,1 ΠΑΓΙΟ ΤΑΜΕΙΟ -  CONSOLIDATED FUND,262014.0,217081.0,215513.0,217081.0,218961.0,223949.0
0202-2,2 ΤΑΚΤΙΚΕΣ ΔΑΠΑΝΕΣ -  CURRENT EXPENDITURE,4764707.0,5279795.0,4730831.0,5053055.0,5159585.0,5272086.0
0202-3,3 ΑΝΑΠΤΥΞΙΑΚΕΣ ΔΑΠΑΝΕΣ -  DEVELOPMENT EXPENDITURE,3397.0,8550.0,4000.0,6560.0,7050.0,7050.0
0203,EΠITPOΠH ΔHMOΣIAΣ YΠHPEΣIAΣ -  PUBLIC SERVICE COMMISSION,904015.0,1063470.0,1222566.0,909248.0,927198.0,939897.0
0203-1,1 ΠΑΓΙΟ ΤΑΜΕΙΟ -  CONSOLIDATED FUND,544188.0,713337.0,874392.0,563202.0,568369.0,573933.0
0203-2,2 ΤΑΚΤΙΚΕΣ ΔΑΠΑΝΕΣ -  CURRENT EXPENDITURE,359827.0,350123.0,348174.0,346036.0,358819.0,365954.0
0203-3,3 ΑΝΑΠΤΥΞΙΑΚΕΣ ΔΑΠΑΝΕΣ -  DEVELOPMENT EXPENDITURE,0.0,10.0,0.0,10.0,10.0,10.0
03,ANEΞAPTHTEΣ YΠHPEΣIEΣ -  INDEPENDENT SERVICES,9182659.0,9718551.0,8840639.0,9360390.0,9581086.0,9808631.0
0301,EΠITPOΠH EKΠAIΔEYTIKHΣ YΠHPEΣIAΣ -  EDUCATIONAL SERVICE COMMISSION,645513.0,648158.0,634629.0,643931.0,649319.0,651830.0
0301-2,2 ΤΑΚΤΙΚΕΣ ΔΑΠΑΝΕΣ -  CURRENT EXPENDITURE,645513.0,648138.0,634629.0,643911.0,649299.0,651810.0
0301-3,3 ΑΝΑΠΤΥΞΙΑΚΕΣ ΔΑΠΑΝΕΣ -  DEVELOPMENT EXPENDITURE,0.0,20.0,0.0,20.0,20.0,20.0
0302,ΓPAΦEIO EΠITPOΠOY ΔIOIKHΣEΩΣ - ,1830582.0,2007795.0,1938990.0,1823357.0,1882919.0,1946053.0
0302-2,2 ΤΑΚΤΙΚΕΣ ΔΑΠΑΝΕΣ -  CURRENT EXPENDITURE,1830582.0,2007745.0,1938990.0,1823307.0,1882869.0,1946003.0
0302-3,3 ΑΝΑΠΤΥΞΙΑΚΕΣ ΔΑΠΑΝΕΣ -  DEVELOPMENT EXPENDITURE,0.0,50.0,0.0,50.0,50.0,50.0
0303,EΠITPOΠH ΠPOΣTAΣIAΣ ANTAΓΩNIΣMOY -  COMPETITION PROTECTION COMMISSION,1472734.0,1506839.0,1473570.0,1590586.0,1665451.0,1695693.0
0303-2,2 ΤΑΚΤΙΚΕΣ ΔΑΠΑΝΕΣ -  CURRENT EXPENDITURE,1472734.0,1498249.0,1473570.0,1581196.0,1655361.0,1685603.0
0303-3,3 ΑΝΑΠΤΥΞΙΑΚΕΣ ΔΑΠΑΝΕΣ -  DEVELOPMENT EXPENDITURE,0.0,8590.0,0.0,9390.0,10090.0,10090.0
0304,ΓPAΦEIO EΠITPOΠOY ΠPOΣTAΣIAΣ ΔEΔOMENΩN  ΠPOΣΩΠIKOY XAPAKTHPA - OFFICE FOR THE COMMISSIONER OF PERSONAL CHARACTER DATA PROTECTION,206310.0,235142.0,209195.0,230619.0,236272.0,237968.0
0304-2,2 ΤΑΚΤΙΚΕΣ ΔΑΠΑΝΕΣ -  CURRENT EXPENDITURE,206310.0,235072.0,209195.0,230549.0,236202.0,237898.0
0304-3,3 ΑΝΑΠΤΥΞΙΑΚΕΣ ΔΑΠΑΝΕΣ -  DEVELOPMENT EXPENDITURE,0.0,70.0,0.0,70.0,70.0,70.0
0305,ΓPAΦEIO EΦOPOY ΕΛΕΓΧΟΥ ΚΡΑΤΙΚΩΝ ENIΣXYΣEΩN  - OFFICE OF THE COMMISSIONER FOR STATE AID CONTROL,97415.0,177997.0,93981.0,164756.0,171524.0,172304.0
0305-2,2 ΤΑΚΤΙΚΕΣ ΔΑΠΑΝΕΣ -  CURRENT EXPENDITURE,97415.0,177927.0,93981.0,164686.0,171454.0,172234.0
0305-3,3 ΑΝΑΠΤΥΞΙΑΚΕΣ ΔΑΠΑΝΕΣ -  DEVELOPMENT EXPENDITURE,0.0,70.0,0.0,70.0,70.0,70.0
0306,ΥΠΗΡΕΣΙΑ ΕΣΩΤΕΡΙΚΟΥ ΕΛΕΓΧΟΥ -  INTERNAL AUDIT SERVICE,1792084.0,1969248.0,1736950.0,1955512.0,2028019.0,2094490.0
0306-2,2 ΤΑΚΤΙΚΕΣ ΔΑΠΑΝΕΣ -  CURRENT EXPENDITURE,1781021.0,1931468.0,1715633.0,1949842.0,2021929.0,2088400.0
0306-3,3 ΑΝΑΠΤΥΞΙΑΚΕΣ ΔΑΠΑΝΕΣ -  DEVELOPMENT EXPENDITURE,11063.0,37780.0,21317.0,5670.0,6090.0,6090.0
0307,ΑΝΑΘΕΩΡΗΤΙΚΗ ΑΡΧΗ ΠΡΟΣΦΟΡΩΝ -  TENDER REVIEW BODY,434470.0,443949.0,437434.0,441833.0,447444.0,448120.0
0307-2,2 ΤΑΚΤΙΚΕΣ ΔΑΠΑΝΕΣ -  CURRENT EXPENDITURE,434470.0,443909.0,437434.0,441793.0,447404.0,448080.0
0307-3,3 ΑΝΑΠΤΥΞΙΑΚΕΣ ΔΑΠΑΝΕΣ -  DEVELOPMENT EXPENDITURE,0.0,40.0,0.0,40.0,40.0,40.0
0308,ΥΠΗΡΕΣΙΑ ΣΥΝΕΡΓΑΤΙΚΩΝ ΕΤΑΙΡΕΙΩΝ -  CO-OPERATIVE SOCIETIES SERVICE,2350341.0,2356481.0,1959632.0,2148720.0,2144817.0,2205174.0
0308-2,2 ΤΑΚΤΙΚΕΣ ΔΑΠΑΝΕΣ -  CURRENT EXPENDITURE,2350341.0,2356421.0,1959632.0,2148660.0,2144757.0,2205114.0
0308-3,3 ΑΝΑΠΤΥΞΙΑΚΕΣ ΔΑΠΑΝΕΣ -  DEVELOPMENT EXPENDITURE,0.0,60.0,0.0,60.0,60.0,60.0
0309,ΑΝΑΘΕΩΡΗΤΙΚΗ ΑΡΧΗ ΠΡΟΣΦΥΓΩΝ -  REFUGEES' REVIEW BODY,353210.0,372942.0,356258.0,361076.0,355321.0,356999.0
0309-2,2 ΤΑΚΤΙΚΕΣ ΔΑΠΑΝΕΣ -  CURRENT EXPENDITURE,352115.0,372912.0,356258.0,361046.0,355291.0,356969.0
0309-3,3 ΑΝΑΠΤΥΞΙΑΚΕΣ ΔΑΠΑΝΕΣ -  DEVELOPMENT EXPENDITURE,1095.0,30.0,0.0,30.0,30.0,30.0
11,YΠOYPΓEIO AMYNAΣ -  MINISTRY OF DEFENCE,2.69693787E8,3.18889207E8,2.74768043E8,3.18905722E8,3.18975766E8,3.18975766E8
1101,"ΥΠΟΥΡΓΕΙΟ ΑΜΥΝΑΣ, ΔΙΟΙΚΗΣΗ -  MINISTRY OF DEFENCE, ADMINISTRATION",5614892.0,6315974.0,5324323.0,6752439.0,5988066.0,6123272.0
1101-2,2 ΤΑΚΤΙΚΕΣ ΔΑΠΑΝΕΣ -  CURRENT EXPENDITURE,5614719.0,6315914.0,5324323.0,6725099.0,5988006.0,6123212.0
1101-3,3 ΑΝΑΠΤΥΞΙΑΚΕΣ ΔΑΠΑΝΕΣ -  DEVELOPMENT EXPENDITURE,172.0,60.0,0.0,27340.0,60.0,60.0
1102,KYΠPIAKOΣ ΣTPATOΣ -  CYPRUS ARMY,1.29944214E8,1.34065023E8,1.2855153E8,1.3151486E8,1.37991852E8,1.44025558E8
1102-2,2 ΤΑΚΤΙΚΕΣ ΔΑΠΑΝΕΣ -  CURRENT EXPENDITURE,1.29944214E8,1.34065023E8,1.2855153E8,1.3151486E8,1.37991852E8,1.44025558E8
1103,EΘNIKH ΦPOYPA - ,1.05086423E8,1.09184973E8,1.08398358E8,1.08745671E8,1.09955784E8,1.12087169E8
1103-2,2 ΤΑΚΤΙΚΕΣ ΔΑΠΑΝΕΣ -  CURRENT EXPENDITURE,1.05086423E8,1.09184973E8,1.08398358E8,1.08745671E8,1.09955784E8,1.12087169E8
1104,AMYNTIKH ΘΩPAKIΣH -  DEFENCE EXPENDITURE,2.9048258E7,6.9323237E7,3.2493832E7,7.1892752E7,6.5040064E7,5.6739767E7
1104-2,2 ΤΑΚΤΙΚΕΣ ΔΑΠΑΝΕΣ -  CURRENT EXPENDITURE,2.9048258E7,6.9323237E7,3.2493832E7,7.1892752E7,6.5040064E7,5.6739767E7
12,"YΠOYPΓEIO ΓEΩPΓIAΣ, ΑΓΡΟΤΙΚΗΣ ΑΝΑΠΤΥΞΗΣ KAI  ΠEPIBAΛΛONTOΣ - MINISTRY OF AGRICULTURE, RURAL  DEVELOPMENT AND ENVIRONMENT",2.97735597E8,2.39984657E8,2.57049649E8,2.08649958E8,2.10598564E8,2.10659712E8
1201,"YΠOYPΓEIO ΓEΩPΓIAΣ, ΑΓΡΟΤΙΚΗΣ ΑΝΑΠΤΥΞΗΣ KAI  ΠEPIBAΛΛONTOΣ, ΔΙΟΙΚΗΣΗ - MINISTRY OF AGRICULTURE, RURAL  DEVELOPMENT AND ENVIRONMENT,  ADMINISTRATION",9556796.0,1.4329191E7,1.2882426E7,9810314.0,8398173.0,8434529.0
1201-2,2 ΤΑΚΤΙΚΕΣ ΔΑΠΑΝΕΣ -  CURRENT EXPENDITURE,9417969.0,8769316.0,8110027.0,9241312.0,7827743.0,7864099.0
1201-3,3 ΑΝΑΠΤΥΞΙΑΚΕΣ ΔΑΠΑΝΕΣ -  DEVELOPMENT EXPENDITURE,138827.0,5559875.0,4772399.0,569002.0,570430.0,570430.0
1202,TMHMA ΓEΩPΓIAΣ -  DEPARTMENT OF AGRICULTURE,1.8774077E7,1.968214E7,1.8310526E7,2.0540041E7,2.126049E7,2.2181851E7
1202-2,2 ΤΑΚΤΙΚΕΣ ΔΑΠΑΝΕΣ -  CURRENT EXPENDITURE,1.7133744E7,1.773889E7,1.6893733E7,1.73891E7,1.7724172E7,1.8697323E7
1202-3,3 ΑΝΑΠΤΥΞΙΑΚΕΣ ΔΑΠΑΝΕΣ -  DEVELOPMENT EXPENDITURE,1640333.0,1943250.0,1416793.0,3150941.0,3536318.0,3484528.0
1204,KTHNIATPIKEΣ YΠHPEΣIEΣ -  VETERINARY SERVICES,1.2898861E7,1.4481842E7,1.3768875E7,1.3828506E7,1.4182589E7,1.4409066E7
1204-2,2 ΤΑΚΤΙΚΕΣ ΔΑΠΑΝΕΣ -  CURRENT EXPENDITURE,9860354.0,1.1007576E7,1.0596587E7,1.3146695E7,1.3550078E7,1.3757545E7
1204-3,3 ΑΝΑΠΤΥΞΙΑΚΕΣ ΔΑΠΑΝΕΣ -  DEVELOPMENT EXPENDITURE,3038508.0,3474266.0,3172288.0,681811.0,632511.0,651521.0
1205,TMHMA ΔAΣΩN -  FORESTRY DEPARTMENT,2.9238195E7,2.9830254E7,3.0763698E7,3.0514237E7,3.1613413E7,3.1933957E7
1205-2,2 ΤΑΚΤΙΚΕΣ ΔΑΠΑΝΕΣ -  CURRENT EXPENDITURE,2.5007569E7,2.6491748E7,2.7408743E7,2.7072401E7,2.7390643E7,2.7792797E7
1205-3,3 ΑΝΑΠΤΥΞΙΑΚΕΣ ΔΑΠΑΝΕΣ -  DEVELOPMENT EXPENDITURE,4230626.0,3338506.0,3354955.0,3441836.0,4222770.0,4141160.0
1206,TMHMA ANAΠTYΞEΩΣ YΔATΩN -  WATER DEVELOPMENT DEPARTMENT,2.01796027E8,1.3528678E8,1.56449624E8,1.11060633E8,1.12500377E8,1.10706857E8
1206-2,2 ΤΑΚΤΙΚΕΣ ΔΑΠΑΝΕΣ -  CURRENT EXPENDITURE,9.0690369E7,9.7487987E7,1.09745251E8,9.1106547E7,9.1516727E7,9.0847092E7
1206-3,3 ΑΝΑΠΤΥΞΙΑΚΕΣ ΔΑΠΑΝΕΣ -  DEVELOPMENT EXPENDITURE,1.11105657E8,3.7798793E7,4.6704373E7,1.9954086E7,2.098365E7,1.9859765E7
1207,TMHMA ΓEΩΛOΓIKHΣ EΠIΣKOΠHΣEΩΣ -  GEOLOGICAL SURVEY DEPARTMENT,3527534.0,4170787.0,3659632.0,4081877.0,4246286.0,4107415.0
1207-2,2 ΤΑΚΤΙΚΕΣ ΔΑΠΑΝΕΣ -  CURRENT EXPENDITURE,3125881.0,3513742.0,3044387.0,3300054.0,3362946.0,3343075.0
1207-3,3 ΑΝΑΠΤΥΞΙΑΚΕΣ ΔΑΠΑΝΕΣ -  DEVELOPMENT EXPENDITURE,401654.0,657045.0,615245.0,781823.0,883340.0,764340.0
1208,ΤΜΗΜΑ METEΩPOΛOΓIΑΣ -  DEPARTMENT OF METEOROLOGY,3555557.0,3964538.0,3792558.0,4071144.0,3946883.0,3992235.0
1208-2,2 ΤΑΚΤΙΚΕΣ ΔΑΠΑΝΕΣ -  CURRENT EXPENDITURE,3423837.0,3887168.0,3372119.0,3741724.0,3826323.0,3901675.0
1208-3,3 ΑΝΑΠΤΥΞΙΑΚΕΣ ΔΑΠΑΝΕΣ -  DEVELOPMENT EXPENDITURE,131720.0,77370.0,420439.0,329420.0,120560.0,90560.0
1209,TMHMA ANAΔAΣMOY -  LAND CONSOLIDATION DEPARTMENT,2950340.0,3363373.0,2738523.0,0.0,0.0,0.0
1209-2,2 ΤΑΚΤΙΚΕΣ ΔΑΠΑΝΕΣ -  CURRENT EXPENDITURE,2750299.0,2923373.0,2653853.0,0.0,0.0,0.0
1209-3,3 ΑΝΑΠΤΥΞΙΑΚΕΣ ΔΑΠΑΝΕΣ -  DEVELOPMENT EXPENDITURE,200041.0,440000.0,84670.0,0.0,0.0,0.0
1210,METAΛΛEIA -  MINES,683724.0,664258.0,589080.0,658831.0,673515.0,690831.0
1210-2,2 ΤΑΚΤΙΚΕΣ ΔΑΠΑΝΕΣ -  CURRENT EXPENDITURE,538849.0,574228.0,531549.0,568801.0,583485.0,600801.0
1210-3,3 ΑΝΑΠΤΥΞΙΑΚΕΣ ΔΑΠΑΝΕΣ -  DEVELOPMENT EXPENDITURE,144874.0,90030.0,57531.0,90030.0,90030.0,90030.0
1211,INΣTITOYTO ΓEΩPΓIKΩN EPEYNΩN -  AGRICULTURAL RESEARCH INSTITUTE,6353084.0,6618618.0,6083150.0,6283108.0,5781087.0,6038593.0
1211-2,2 ΤΑΚΤΙΚΕΣ ΔΑΠΑΝΕΣ -  CURRENT EXPENDITURE,4847281.0,4981941.0,4697080.0,4755190.0,4886698.0,5028628.0
1211-3,3 ΑΝΑΠΤΥΞΙΑΚΕΣ ΔΑΠΑΝΕΣ -  DEVELOPMENT EXPENDITURE,1505803.0,1636677.0,1386070.0,1527918.0,894389.0,1009965.0
1212,TMHMA AΛIEIAΣ KAI ΘAΛAΣΣIΩN EPEYNΩN -  DEPARTMENT OF FISHERIES AND MARINE  RESEARCH,5478870.0,4651937.0,5375899.0,4789843.0,4918414.0,5056956.0
1212-2,2 ΤΑΚΤΙΚΕΣ ΔΑΠΑΝΕΣ -  CURRENT EXPENDITURE,3083752.0,3559719.0,2964693.0,3741397.0,3807084.0,3929626.0
1212-3,3 ΑΝΑΠΤΥΞΙΑΚΕΣ ΔΑΠΑΝΕΣ -  DEVELOPMENT EXPENDITURE,2395119.0,1092218.0,2411206.0,1048446.0,1111330.0,1127330.0
1213,ΤΜΗΜΑ ΠΕΡΙΒΑΛΛΟΝΤΟΣ -  DEPARTMENT OF ENVIRONMENT,2922531.0,2940939.0,2635658.0,3011424.0,3077337.0,3107422.0
1213-2,2 ΤΑΚΤΙΚΕΣ ΔΑΠΑΝΕΣ -  CURRENT EXPENDITURE,2009492.0,1921618.0,1898662.0,2405987.0,2392257.0,2467342.0
1213-3,3 ΑΝΑΠΤΥΞΙΑΚΕΣ ΔΑΠΑΝΕΣ -  DEVELOPMENT EXPENDITURE,913039.0,1019321.0,736996.0,605437.0,685080.0,640080.0
13,YΠOYPΓEIO ΔIKAIOΣYNHΣ KAI ΔHMOΣIAΣ TAΞEΩΣ -  MINISTRY OF JUSTICE AND PUBLIC ORDER,2.42179411E8,2.68292066E8,2.44866088E8,2.78251691E8,2.78080574E8,2.78031822E8
1301,"YΠOYPΓEIO ΔIKAIOΣYNHΣ KAI ΔHMOΣIAΣ TAΞEΩΣ,  ΔΙΟΙΚΗΣΗ - MINISTRY OF JUSTICE AND PUBLIC ORDER,  ADMINISTRATION",2671394.0,3161446.0,2279464.0,3571047.0,3482443.0,3426762.0
1301-2,2 ΤΑΚΤΙΚΕΣ ΔΑΠΑΝΕΣ -  CURRENT EXPENDITURE,2565514.0,2914869.0,2212027.0,3072007.0,3262363.0,3306672.0
1301-3,3 ΑΝΑΠΤΥΞΙΑΚΕΣ ΔΑΠΑΝΕΣ -  DEVELOPMENT EXPENDITURE,105880.0,246577.0,67437.0,499040.0,220080.0,120090.0
1302,ΦYΛAKEΣ -  PRISONS,1.5279577E7,1.8233436E7,1.4500848E7,2.0699793E7,1.7354168E7,1.6589273E7
1302-2,2 ΤΑΚΤΙΚΕΣ ΔΑΠΑΝΕΣ -  CURRENT EXPENDITURE,1.3759351E7,1.5683416E7,1.4182618E7,1.5744773E7,1.5964148E7,1.6199253E7
1302-3,3 ΑΝΑΠΤΥΞΙΑΚΕΣ ΔΑΠΑΝΕΣ -  DEVELOPMENT EXPENDITURE,1520226.0,2550020.0,318230.0,4955020.0,1390020.0,390020.0
1303,AΣTYNOMIA -  POLICE,1.95821858E8,2.16713582E8,1.99132296E8,2.20895102E8,2.21062861E8,2.22247798E8
1303-2,2 ΤΑΚΤΙΚΕΣ ΔΑΠΑΝΕΣ -  CURRENT EXPENDITURE,1.92804536E8,2.04697484E8,1.92106159E8,2.09879065E8,2.08821138E8,2.13375728E8
1303-3,3 ΑΝΑΠΤΥΞΙΑΚΕΣ ΔΑΠΑΝΕΣ -  DEVELOPMENT EXPENDITURE,3017322.0,1.2016098E7,7026137.0,1.1016037E7,1.2241723E7,8872070.0
1304,ΠYPOΣBEΣTIKH YΠHPEΣIA -  FIRE SERVICE,2.8406582E7,3.0183602E7,2.895348E7,3.3085749E7,3.6181102E7,3.5767989E7
1304-2,2 ΤΑΚΤΙΚΕΣ ΔΑΠΑΝΕΣ -  CURRENT EXPENDITURE,2.8152485E7,2.9842602E7,2.7415547E7,3.0845699E7,3.2561062E7,3.4897939E7
1304-3,3 ΑΝΑΠΤΥΞΙΑΚΕΣ ΔΑΠΑΝΕΣ -  DEVELOPMENT EXPENDITURE,254097.0,341000.0,1537933.0,2240050.0,3620040.0,870050.0
14,"YΠOYPΓEIO ΕΝΕΡΓΕΙΑΣ, EMΠOPIOY, BIOMHXANIAΣ  KAI TOYPIΣMOY - MINISTRY OF ENERGY, COMMERCE, INDUSTRY  AND TOURISM",3.2970236E7,4.5423682E7,3.5462396E7,4.1959188E7,3.6445038E7,3.60099E7
1401,"YΠOYPΓEIO ΕΝΕΡΓΕΙΑΣ, EMΠOPIOY, BIOMHXANIAΣ  KAI TOYPIΣMOY, ΔΙΟΙΚΗΣΗ - MINISTRY OF ENERGY, COMMERCE, INDUSTRY  AND TOURISM, ADMINISTRATION",2.6763431E7,3.823334E7,2.9122654E7,3.4466397E7,2.9077941E7,2.8495819E7
1401-2,2 ΤΑΚΤΙΚΕΣ ΔΑΠΑΝΕΣ -  CURRENT EXPENDITURE,1.4527727E7,1.6123963E7,1.455462E7,2.3698421E7,1.8162941E7,1.8430819E7
1401-3,3 ΑΝΑΠΤΥΞΙΑΚΕΣ ΔΑΠΑΝΕΣ -  DEVELOPMENT EXPENDITURE,1.2235704E7,2.2109377E7,1.4568034E7,1.0767976E7,1.0915E7,1.0065E7
1402,ΕΜΠΟΡΙΚΑ ΚΕΝΤΡΑ ΣΤΟ ΕΞΩΤΕΡΙΚΟ -  TRADE CENTERS ABROAD,1488477.0,1838606.0,1231141.0,1849584.0,1867765.0,1870600.0
1402-2,2 ΤΑΚΤΙΚΕΣ ΔΑΠΑΝΕΣ -  CURRENT EXPENDITURE,1488477.0,1838606.0,1231141.0,1849584.0,1867765.0,1870600.0
1404,TMHMA EΦOPOY ETAIPEIΩN KAI EΠIΣHMOY  ΠAPAΛHΠTH - DEPARTMENT OF REGISTRAR OF COMPANIES  AND OFFICIAL RECEIVER,4718327.0,5351736.0,5108601.0,5643207.0,5499332.0,5643481.0
1404-2,2 ΤΑΚΤΙΚΕΣ ΔΑΠΑΝΕΣ -  CURRENT EXPENDITURE,4697880.0,5332686.0,5108601.0,5643147.0,5499272.0,5643421.0
1404-3,3 ΑΝΑΠΤΥΞΙΑΚΕΣ ΔΑΠΑΝΕΣ -  DEVELOPMENT EXPENDITURE,20448.0,19050.0,0.0,60.0,60.0,60.0
15,"YΠOYPΓEIO EPΓAΣIAΣ, ΠΡΟΝΟΙΑΣ KAI KOINΩNIKΩN  AΣΦAΛIΣEΩN - MINISTRY OF LABOUR, WELFARE AND SOCIAL  INSURANCE",8.85048514E8,9.16144338E8,9.02678984E8,9.13989797E8,9.08824976E8,9.09147646E8
1501,"YΠOYPΓEIO EPΓAΣIAΣ, ΠΡΟΝΟΙΑΣ KAI KOINΩNIKΩN  AΣΦAΛIΣEΩN, ΔΙΟΙΚΗΣΗ - MINISTRY OF LABOUR, WELFARE AND SOCIAL  INSURANCE, ADMINISTRATION",4.69201176E8,4.33079078E8,4.16272045E8,4.32277941E8,4.09490623E8,4.08981224E8
1501-1,1 ΠΑΓΙΟ ΤΑΜΕΙΟ -  CONSOLIDATED FUND,145339.0,148000.0,147626.0,175000.0,175000.0,175000.0
1501-2,2 ΤΑΚΤΙΚΕΣ ΔΑΠΑΝΕΣ -  CURRENT EXPENDITURE,4.60217011E8,4.2895584E8,4.10685531E8,4.29204735E8,4.07733523E8,4.07224624E8
1501-3,3 ΑΝΑΠΤΥΞΙΑΚΕΣ ΔΑΠΑΝΕΣ -  DEVELOPMENT EXPENDITURE,8838826.0,3975238.0,5438888.0,2898206.0,1582100.0,1581600.0
1502,TMHMA EPΓAΣIAΣ -  LABOUR DEPARTMENT,7347190.0,6333891.0,1.0966517E7,5576508.0,5671790.0,5800420.0
1502-2,2 ΤΑΚΤΙΚΕΣ ΔΑΠΑΝΕΣ -  CURRENT EXPENDITURE,4621716.0,5345131.0,5114976.0,5439482.0,5619570.0,5748200.0
1502-3,3 ΑΝΑΠΤΥΞΙΑΚΕΣ ΔΑΠΑΝΕΣ -  DEVELOPMENT EXPENDITURE,2725474.0,988760.0,5851541.0,137026.0,52220.0,52220.0
1503,YΠHPEΣIEΣ KOINΩNIKΩN AΣΦAΛIΣEΩN -  SOCIAL INSURANCE SERVICES,3.30054358E8,3.84214214E8,3.93578401E8,3.91172405E8,4.09710164E8,4.09936925E8
1503-2,2 ΤΑΚΤΙΚΕΣ ΔΑΠΑΝΕΣ -  CURRENT EXPENDITURE,3.30054358E8,3.84209404E8,3.93578401E8,3.91167928E8,4.09705354E8,4.09932115E8
1503-3,3 ΑΝΑΠΤΥΞΙΑΚΕΣ ΔΑΠΑΝΕΣ -  DEVELOPMENT EXPENDITURE,0.0,4810.0,0.0,4477.0,4810.0,4810.0
1504,YΠHPEΣIEΣ KOINΩNIKHΣ EYHMEPIAΣ -  SOCIAL WELFARE SERVICES,3.5095581E7,4.253493E7,3.5737338E7,4.132203E7,4.1907862E7,4.2144759E7
1504-2,2 ΤΑΚΤΙΚΕΣ ΔΑΠΑΝΕΣ -  CURRENT EXPENDITURE,2.7838756E7,3.3946566E7,3.0040183E7,3.3162633E7,3.3764112E7,3.4451009E7
1504-3,3 ΑΝΑΠΤΥΞΙΑΚΕΣ ΔΑΠΑΝΕΣ -  DEVELOPMENT EXPENDITURE,7256825.0,8588364.0,5697155.0,8159397.0,8143750.0,7693750.0
1505,KENTPO ΠAPAΓΩΓIKOTHTAΣ -  PRODUCTIVITY CENTRE,4700123.0,8837330.0,5396941.0,4118557.0,2445831.0,2473510.0
1505-2,2 ΤΑΚΤΙΚΕΣ ΔΑΠΑΝΕΣ -  CURRENT EXPENDITURE,2527747.0,2254270.0,2277097.0,2151886.0,2042761.0,2070440.0
1505-3,3 ΑΝΑΠΤΥΞΙΑΚΕΣ ΔΑΠΑΝΕΣ -  DEVELOPMENT EXPENDITURE,2172376.0,6583060.0,3119844.0,1966671.0,403070.0,403070.0
1506,ΤΜΗΜΑ ΚΟΙΝΩΝΙΚΗΣ ΕΝΣΩΜΑΤΩΣΗΣ ΑΤΟΜΩΝ ΜΕ  ΑΝΑΠΗΡΙΕΣ - DEPARTMENT OF SOCIAL INCLUSION OF  PERSONS WITH DISABILITIES,3.0116977E7,3.1493566E7,3.2394728E7,3.0755987E7,3.0726907E7,3.0662295E7
1506-2,2 ΤΑΚΤΙΚΕΣ ΔΑΠΑΝΕΣ -  CURRENT EXPENDITURE,2.9402823E7,3.0183486E7,3.1327444E7,3.0385887E7,3.0356807E7,3.0292195E7
1506-3,3 ΑΝΑΠΤΥΞΙΑΚΕΣ ΔΑΠΑΝΕΣ -  DEVELOPMENT EXPENDITURE,714155.0,1310080.0,1067284.0,370100.0,370100.0,370100.0
1507,ANΩTEPO ΞENOΔOXEIAKO INΣTITOYTO KYΠPOY -  CYPRUS HIGHER HOTEL INSTITUTE,1618736.0,1790589.0,1533586.0,1703379.0,1728484.0,1758752.0
1507-2,2 ΤΑΚΤΙΚΕΣ ΔΑΠΑΝΕΣ -  CURRENT EXPENDITURE,1515984.0,1578417.0,1433569.0,1503639.0,1525042.0,1557810.0
1507-3,3 ΑΝΑΠΤΥΞΙΑΚΕΣ ΔΑΠΑΝΕΣ -  DEVELOPMENT EXPENDITURE,102753.0,212172.0,100017.0,199740.0,203442.0,200942.0
1509,ΤΜΗΜΑ ΕΡΓΑΣΙΑΚΩΝ ΣΧΕΣΕΩΝ -  DEPARTMENT OF LABOUR RELATIONS,1993111.0,2518387.0,1876462.0,1567533.0,1616834.0,1665527.0
1509-2,2 ΤΑΚΤΙΚΕΣ ΔΑΠΑΝΕΣ -  CURRENT EXPENDITURE,1632198.0,1688337.0,1625362.0,1567473.0,1616774.0,1665467.0
1509-3,3 ΑΝΑΠΤΥΞΙΑΚΕΣ ΔΑΠΑΝΕΣ -  DEVELOPMENT EXPENDITURE,360913.0,830050.0,251100.0,60.0,60.0,60.0
1510,TMHMA EΠIΘEΩPHΣHΣ EPΓAΣIAΣ -  DEPARTMENT OF LABOUR INSPECTION,4921261.0,5342353.0,4922966.0,5495457.0,5526481.0,5724234.0
1510-2,2 ΤΑΚΤΙΚΕΣ ΔΑΠΑΝΕΣ -  CURRENT EXPENDITURE,4896996.0,5260023.0,4731132.0,5164854.0,5226351.0,5324104.0
1510-3,3 ΑΝΑΠΤΥΞΙΑΚΕΣ ΔΑΠΑΝΕΣ -  DEVELOPMENT EXPENDITURE,24265.0,82330.0,191834.0,330603.0,300130.0,400130.0
16,YΠOYPΓEIO EΣΩTEPIKΩN -  MINISTRY OF THE  INTERIOR,4.39711369E8,5.09239535E8,4.88557147E8,5.02571653E8,5.04853843E8,4.9505021E8
1601,"YΠOYPΓEIO EΣΩTEPIKΩN, ΔΙΟΙΚΗΣΗ -  MINISTRY OF THE  INTERIOR, ADMINISTRATION",1.77418973E8,1.99194069E8,2.10571256E8,1.76054626E8,1.76436028E8,1.73665524E8
1601-1,1 ΠΑΓΙΟ ΤΑΜΕΙΟ -  CONSOLIDATED FUND,95628.0,100000.0,100000.0,100000.0,100000.0,100000.0
1601-2,2 ΤΑΚΤΙΚΕΣ ΔΑΠΑΝΕΣ -  CURRENT EXPENDITURE,1.48940406E8,1.45820595E8,1.44407373E8,1.59784133E8,1.54622491E8,1.56085189E8
1601-3,3 ΑΝΑΠΤΥΞΙΑΚΕΣ ΔΑΠΑΝΕΣ -  DEVELOPMENT EXPENDITURE,2.8382939E7,5.3273474E7,6.6063883E7,1.6170493E7,2.1713537E7,1.7480335E7
1602,EΠAPXIAKH ΔIOIKHΣH ΛΕΥΚΩΣΙΑΣ -  NICOSIA  DISTRICT ADMINISTRATION,2.1900137E7,3.5971168E7,2.7770839E7,3.5247035E7,3.2367769E7,3.4693017E7
1602-2,2 ΤΑΚΤΙΚΕΣ ΔΑΠΑΝΕΣ -  CURRENT EXPENDITURE,1.557672E7,2.6815108E7,1.723036E7,2.4468945E7,2.4857719E7,2.7064947E7
1602-3,3 ΑΝΑΠΤΥΞΙΑΚΕΣ ΔΑΠΑΝΕΣ -  DEVELOPMENT EXPENDITURE,6323418.0,9156060.0,1.0540479E7,1.077809E7,7510050.0,7628070.0
1603,EΠAPXIAKH ΔIOIKHΣH ΑΜΜΟΧΩΣΤΟΥ -  FAMAGUSTA DISTRICT ADMINISTRATION,7415426.0,6106971.0,5462056.0,6692050.0,6267644.0,6221417.0
1603-2,2 ΤΑΚΤΙΚΕΣ ΔΑΠΑΝΕΣ -  CURRENT EXPENDITURE,5852530.0,4401931.0,4320755.0,4206110.0,4265694.0,4288097.0
1603-3,3 ΑΝΑΠΤΥΞΙΑΚΕΣ ΔΑΠΑΝΕΣ -  DEVELOPMENT EXPENDITURE,1562896.0,1705040.0,1141301.0,2485940.0,2001950.0,1933320.0
1604,EΠAPXIAKH ΔIOIKHΣH ΛΑΡΝΑΚΑΣ -  LARNACA DISTRICT ADMINISTRATION,2.0556378E7,2.2863298E7,1.7390812E7,2.3008394E7,2.392074E7,2.1417559E7
1604-2,2 ΤΑΚΤΙΚΕΣ ΔΑΠΑΝΕΣ -  CURRENT EXPENDITURE,1.3892979E7,1.4012728E7,9373804.0,1.3689564E7,1.379561E7,1.3842429E7
1604-3,3 ΑΝΑΠΤΥΞΙΑΚΕΣ ΔΑΠΑΝΕΣ -  DEVELOPMENT EXPENDITURE,6663399.0,8850570.0,8017008.0,9318830.0,1.012513E7,7575130.0
1605,EΠAPXIAKH ΔIOIKHΣH ΛΕΜΕΣΟΥ -  LIMASSOL DISTRICT ADMINISTRATION,2.4135243E7,3.2137209E7,2.560196E7,2.8918869E7,2.9166775E7,3.0726645E7
1605-2,2 ΤΑΚΤΙΚΕΣ ΔΑΠΑΝΕΣ -  CURRENT EXPENDITURE,1.2938268E7,1.8685329E7,1.2765766E7,1.6730559E7,1.7048675E7,1.8588545E7
1605-3,3 ΑΝΑΠΤΥΞΙΑΚΕΣ ΔΑΠΑΝΕΣ -  DEVELOPMENT EXPENDITURE,1.1196974E7,1.345188E7,1.2836194E7,1.218831E7,1.21181E7,1.21381E7
1606,EΠAPXIAKH ΔIOIKHΣH ΠΑΦΟΥ -  PAPHOS DISTRICT ADMINISTRATION,1.5741996E7,1.7655203E7,1.5532757E7,2.0571043E7,2.0736822E7,2.1627391E7
1606-2,2 ΤΑΚΤΙΚΕΣ ΔΑΠΑΝΕΣ -  CURRENT EXPENDITURE,6905380.0,7953103.0,6197134.0,7710267.0,8219402.0,8337291.0
1606-3,3 ΑΝΑΠΤΥΞΙΑΚΕΣ ΔΑΠΑΝΕΣ -  DEVELOPMENT EXPENDITURE,8836616.0,9702100.0,9335623.0,1.2860776E7,1.251742E7,1.32901E7
1607,EΠAPXIAKH ΔIOIKHΣH ΚEΡYΝΕΙΑΣ -  KYRENIA DISTRICT ADMINISTRATION,51660.0,52406.0,37770.0,58924.0,62679.0,62679.0
1607-2,2 ΤΑΚΤΙΚΕΣ ΔΑΠΑΝΕΣ -  CURRENT EXPENDITURE,51660.0,52406.0,37770.0,58924.0,62679.0,62679.0
1608,TMHMA ΠOΛEOΔOMIAΣ KAI OIKHΣEΩΣ -  DEPARTMENT OF TOWN PLANNING AND  HOUSING,3.9073588E7,5.9889297E7,4.9894979E7,7.2570179E7,7.4400767E7,5.3685345E7
1608-2,2 ΤΑΚΤΙΚΕΣ ΔΑΠΑΝΕΣ -  CURRENT EXPENDITURE,1.5928909E7,1.9732627E7,1.970823E7,1.9235034E7,1.9337907E7,1.9323325E7
1608-3,3 ΑΝΑΠΤΥΞΙΑΚΕΣ ΔΑΠΑΝΕΣ -  DEVELOPMENT EXPENDITURE,2.314468E7,4.015667E7,3.0186749E7,5.3335145E7,5.506286E7,3.436202E7
1609,TMHMA APXEIOY ΠΛHΘYΣMOY KAI METANAΣTEYΣΗΣ  - CIVIL REGISTRY  AND MIGRATION DEPARTMENT,3132072.0,3336242.0,3241061.0,4608968.0,2877948.0,2902603.0
1609-2,2 ΤΑΚΤΙΚΕΣ ΔΑΠΑΝΕΣ -  CURRENT EXPENDITURE,3128966.0,3336202.0,3241061.0,4608928.0,2877908.0,2902563.0
1609-3,3 ΑΝΑΠΤΥΞΙΑΚΕΣ ΔΑΠΑΝΕΣ -  DEVELOPMENT EXPENDITURE,3106.0,40.0,0.0,40.0,40.0,40.0
1610,TMHMA KTHMATOΛOΓIOY KAI XΩPOMETPIAΣ -  DEPARTMENT OF LANDS AND SURVEYS,1.14522478E8,1.16054227E8,1.1689189E8,1.13094589E8,1.15462603E8,1.2719676E8
1610-2,2 ΤΑΚΤΙΚΕΣ ΔΑΠΑΝΕΣ -  CURRENT EXPENDITURE,4.0850781E7,4.0444446E7,4.1013819E7,3.9419069E7,3.9740553E7,4.052471E7
1610-3,3 ΑΝΑΠΤΥΞΙΑΚΕΣ ΔΑΠΑΝΕΣ -  DEVELOPMENT EXPENDITURE,7.3671697E7,7.5609781E7,7.5878071E7,7.367552E7,7.572205E7,8.667205E7
1611,ΓPAΦEIO TYΠOY KAI ΠΛHPOΦOPIΩN -  PRESS AND INFORMATION OFFICE,5642910.0,6382449.0,5389034.0,6090132.0,6275869.0,6383843.0
1611-2,2 ΤΑΚΤΙΚΕΣ ΔΑΠΑΝΕΣ -  CURRENT EXPENDITURE,5513856.0,6197319.0,5194149.0,5912332.0,6085224.0,6193048.0
1611-3,3 ΑΝΑΠΤΥΞΙΑΚΕΣ ΔΑΠΑΝΕΣ -  DEVELOPMENT EXPENDITURE,129054.0,185130.0,194885.0,177800.0,190645.0,190795.0
1612,YΠHPEΣIA MEPIMNAΣ KAI AΠOKATAΣTAΣEΩΣ  EKTOΠIΣΘENTΩN - SERVICE FOR THE CARE AND REHABILITATION  OF DISPLACED PERSONS,5376291.0,4817805.0,6500000.0,7280508.0,8290395.0,7793862.0
1612-2,2 ΤΑΚΤΙΚΕΣ ΔΑΠΑΝΕΣ -  CURRENT EXPENDITURE,5356569.0,4817785.0,6500000.0,7280488.0,8290375.0,7793842.0
1612-3,3 ΑΝΑΠΤΥΞΙΑΚΕΣ ΔΑΠΑΝΕΣ -  DEVELOPMENT EXPENDITURE,19722.0,20.0,0.0,20.0,20.0,20.0
1613,ΠOΛITIKH AMYNA -  CIVIL DEFENCE,4110506.0,3747019.0,3371655.0,3938219.0,3949736.0,4029126.0
1613-2,2 ΤΑΚΤΙΚΕΣ ΔΑΠΑΝΕΣ -  CURRENT EXPENDITURE,3430058.0,3606464.0,3356580.0,3660366.0,3749106.0,3828496.0
1613-3,3 ΑΝΑΠΤΥΞΙΑΚΕΣ ΔΑΠΑΝΕΣ -  DEVELOPMENT EXPENDITURE,680449.0,140555.0,15075.0,277853.0,200630.0,200630.0
1614,ΥΠΗΡΕΣΙΑ ΑΣΥΛΟΥ -  ASYLUM SERVICE,633711.0,1032172.0,901078.0,1056245.0,1118372.0,1120611.0
1614-2,2 ΤΑΚΤΙΚΕΣ ΔΑΠΑΝΕΣ -  CURRENT EXPENDITURE,633711.0,1032132.0,901078.0,1056205.0,1118332.0,1120571.0
1614-3,3 ΑΝΑΠΤΥΞΙΑΚΕΣ ΔΑΠΑΝΕΣ -  DEVELOPMENT EXPENDITURE,0.0,40.0,0.0,40.0,40.0,40.0
1615,ΥΠΗΡΕΣΙΑ ΑΝΑΔΑΣΜΟΥ -  LAND CONSOLIDATION SERVICES,0.0,0.0,0.0,3381872.0,3519696.0,3523828.0
1615-2,2 ΤΑΚΤΙΚΕΣ ΔΑΠΑΝΕΣ -  CURRENT EXPENDITURE,0.0,0.0,0.0,2851872.0,2989696.0,2993828.0
1615-3,3 ΑΝΑΠΤΥΞΙΑΚΕΣ ΔΑΠΑΝΕΣ -  DEVELOPMENT EXPENDITURE,0.0,0.0,0.0,530000.0,530000.0,530000.0
17,YΠOYPΓEIO EΞΩTEPIKΩN -  MINISTRY OF FOREIGN AFFAIRS,7.3790037E7,7.354092E7,7.3009085E7,7.5803817E7,7.7114146E7,7.736083E7
1701,"YΠOYPΓEIO EΞΩTEPIKΩN, ΔΙΟΙΚΗΣΗ -  MINISTRY OF FOREIGN AFFAIRS,  ADMINISTRATION",3.379196E7,2.9198665E7,3.3657339E7,3.0790564E7,3.0755586E7,3.0733244E7
1701-2,2 ΤΑΚΤΙΚΕΣ ΔΑΠΑΝΕΣ -  CURRENT EXPENDITURE,3.0241745E7,2.4519315E7,3.0110999E7,2.4941522E7,2.4742246E7,2.4723904E7
1701-3,3 ΑΝΑΠΤΥΞΙΑΚΕΣ ΔΑΠΑΝΕΣ -  DEVELOPMENT EXPENDITURE,3550215.0,4679350.0,3546340.0,5849042.0,6013340.0,6009340.0
1702,EΞΩTEPIKEΣ YΠHPEΣIEΣ -  FOREIGN SERVICES,3.9998077E7,4.4342255E7,3.9351746E7,4.5013253E7,4.635856E7,4.6627586E7
1702-2,2 ΤΑΚΤΙΚΕΣ ΔΑΠΑΝΕΣ -  CURRENT EXPENDITURE,3.9106601E7,4.3842225E7,3.9110483E7,4.4313223E7,4.550853E7,4.5727556E7
1702-3,3 ΑΝΑΠΤΥΞΙΑΚΕΣ ΔΑΠΑΝΕΣ -  DEVELOPMENT EXPENDITURE,891476.0,500030.0,241263.0,700030.0,850030.0,900030.0
18,YΠOYPΓEIO OIKONOMIKΩN -  MINISTRY OF FINANCE,3.990648527E9,4.855721678E9,4.580798634E9,2.915312536E9,3.038262185E9,3.226601432E9
1801,"YΠOYPΓEIO ΟΙΚΟΝΟΜΙΚΩΝ, ΔΙΟΙΚΗΣΗ -  MINISTRY OF FINANCE, ADMINISTRATION",4.6887575E8,4.96934137E8,4.65976797E8,4.60331925E8,4.42315792E8,4.40087244E8
1801-1,1 ΠΑΓΙΟ ΤΑΜΕΙΟ -  CONSOLIDATED FUND,1.66556451E8,2.29129E8,2.22626809E8,2.38229E8,2.38229E8,2.38229E8
1801-2,2 ΤΑΚΤΙΚΕΣ ΔΑΠΑΝΕΣ -  CURRENT EXPENDITURE,2.65398015E8,2.4976788E8,2.28987743E8,2.05644154E8,1.85292717E8,1.83064169E8
1801-3,3 ΑΝΑΠΤΥΞΙΑΚΕΣ ΔΑΠΑΝΕΣ -  DEVELOPMENT EXPENDITURE,3.6921284E7,1.8037257E7,1.4362245E7,1.6458771E7,1.8794075E7,1.8794075E7
1803,TEΛΩNEIA -  CUSTOMS AND EXCISE,2.3636782E8,2.4870591E7,2.2973044E7,2.487166E7,2.465678E7,2.5186976E7
1803-1,1 ΠΑΓΙΟ ΤΑΜΕΙΟ -  CONSOLIDATED FUND,24964.0,25285.0,26000.0,26000.0,26500.0,27000.0
1803-2,2 ΤΑΚΤΙΚΕΣ ΔΑΠΑΝΕΣ -  CURRENT EXPENDITURE,2.36081271E8,2.4670716E7,2.2807939E7,2.464317E7,2.441519E7,2.4944886E7
1803-3,3 ΑΝΑΠΤΥΞΙΑΚΕΣ ΔΑΠΑΝΕΣ -  DEVELOPMENT EXPENDITURE,261585.0,174590.0,139105.0,202490.0,215090.0,215090.0
1804,TMHMA ΦΟΡΟΛΟΓΙΑΣ -  DEPARTMENT OF TAXATION,4.9860918E7,2.45391255E8,2.39526948E8,2.67650934E8,2.675219E8,2.6827135E8
1804-2,2 ΤΑΚΤΙΚΕΣ ΔΑΠΑΝΕΣ -  CURRENT EXPENDITURE,4.9848416E7,2.45303941E8,2.3949551E8,2.67500174E8,2.6741483E8,2.6816428E8
1804-3,3 ΑΝΑΠΤΥΞΙΑΚΕΣ ΔΑΠΑΝΕΣ -  DEVELOPMENT EXPENDITURE,12501.0,87314.0,31438.0,150760.0,107070.0,107070.0
1805,ΣTATIΣTIKH YΠHPEΣIA -  STATISTICAL SERVICE,7955175.0,8880034.0,6330716.0,9317086.0,9456041.0,9676715.0
1805-2,2 ΤΑΚΤΙΚΕΣ ΔΑΠΑΝΕΣ -  CURRENT EXPENDITURE,6094968.0,6657374.0,5969177.0,6937689.0,6870619.0,7089863.0
1805-3,3 ΑΝΑΠΤΥΞΙΑΚΕΣ ΔΑΠΑΝΕΣ -  DEVELOPMENT EXPENDITURE,1860207.0,2222660.0,361539.0,2379397.0,2585422.0,2586852.0
1807,ΤΜΗΜΑ ΔHMOΣIAΣ ΔIOIKHΣEΩΣ KAI ΠPOΣΩΠIKOY -  DEPARTMENT OF PUBLIC ADMINISTRATION AND  PERSONNEL,1.05487078E8,1.14756409E8,1.02620521E8,1.08553627E8,1.08904833E8,1.10974309E8
1807-2,2 ΤΑΚΤΙΚΕΣ ΔΑΠΑΝΕΣ -  CURRENT EXPENDITURE,1.04457758E8,1.13696789E8,1.01923841E8,1.08506977E8,1.08854683E8,1.10924159E8
1807-3,3 ΑΝΑΠΤΥΞΙΑΚΕΣ ΔΑΠΑΝΕΣ -  DEVELOPMENT EXPENDITURE,1029320.0,1059620.0,696680.0,46650.0,50150.0,50150.0
1808,TYΠOΓPAΦEIO -  PRINTING OFFICE,3683793.0,4300679.0,3175200.0,4032889.0,4045440.0,4118264.0
1808-2,2 ΤΑΚΤΙΚΕΣ ΔΑΠΑΝΕΣ -  CURRENT EXPENDITURE,3583983.0,4124127.0,3175200.0,3827999.0,3915200.0,3988024.0
1808-3,3 ΑΝΑΠΤΥΞΙΑΚΕΣ ΔΑΠΑΝΕΣ -  DEVELOPMENT EXPENDITURE,99810.0,176552.0,0.0,204890.0,130240.0,130240.0
1809,TMHMA YΠHPEΣIΩN ΠΛHPOΦOPIKHΣ -  DEPARTMENT OF INFORMATION TECHNOLOGY   SERVICES,1.6390716E7,2.6043869E7,2.1576156E7,2.6021675E7,2.6271859E7,2.6407034E7
1809-2,2 ΤΑΚΤΙΚΕΣ ΔΑΠΑΝΕΣ -  CURRENT EXPENDITURE,8845772.0,9396198.0,9162754.0,9871595.0,1.0271779E7,1.0406954E7
1809-3,3 ΑΝΑΠΤΥΞΙΑΚΕΣ ΔΑΠΑΝΕΣ -  DEVELOPMENT EXPENDITURE,7544944.0,1.6647671E7,1.2413402E7,1.615008E7,1.600008E7,1.600008E7
1821,ΔΙΑΧΕΙΡΙΣΗ ΔHMOΣIOY XPEOYΣ -  PUBLIC DEBT MANAGEMENT,2.513307017E9,3.231334684E9,3.118961695E9,1.28165272E9,1.34823952E9,1.48240452E9
1821-1,1 ΠΑΓΙΟ ΤΑΜΕΙΟ -  CONSOLIDATED FUND,2.513307017E9,3.231334684E9,3.118961695E9,1.28165272E9,1.34823952E9,1.48240452E9
1822,ΣYNTAΞEIΣ KAI ΦIΛOΔΩPHMATA -  PENSIONS AND GRATUITIES,5.8872026E8,5.9921E8,5.99657557E8,6.2868E8,6.4265E8,6.60275E8
1822-1,1 ΠΑΓΙΟ ΤΑΜΕΙΟ -  CONSOLIDATED FUND,5.42275494E8,5.5151E8,5.50938914E8,5.7946E8,5.9246E8,6.09265E8
1822-2,2 ΤΑΚΤΙΚΕΣ ΔΑΠΑΝΕΣ -  CURRENT EXPENDITURE,4.6444766E7,4.77E7,4.8718643E7,4.922E7,5.019E7,5.101E7
1830,MH ΠPOBΛEΠOMENEΣ ΔAΠANEΣ KAI AΠOΘEMATIKO  - CONTINGENCIES AND RESERVE,0.0,1.0400002E8,0.0,1.0420002E8,1.6420002E8,1.9920002E8
1830-2,2 ΤΑΚΤΙΚΕΣ ΔΑΠΑΝΕΣ -  CURRENT EXPENDITURE,0.0,6.500001E7,0.0,6.500001E7,8.500001E7,1.0000001E8
1830-3,3 ΑΝΑΠΤΥΞΙΑΚΕΣ ΔΑΠΑΝΕΣ -  DEVELOPMENT EXPENDITURE,0.0,3.900001E7,0.0,3.920001E7,7.920001E7,9.920001E7
19,ANEΞAPTHTΑ ΓPAΦEIA -  INDEPENDENT  OFFICES,9.5431882E7,1.70456574E8,7.9686357E7,2.46509702E8,2.43393713E8,2.43575352E8
1901,"ΓΕΝΙΚΗ ΔΙΕΥΘΥΝΣΗ ΕΥΡΩΠΑΪΚΩΝ ΠΡΟΓΡΑΜΜΑΤΩΝ,  ΣΥΝΤΟΝΙΣΜΟΥ ΚΑΙ ΑΝΑΠΤΥΞΗΣ - DIRECTORATE GENERAL FOR EUROPEAN  PROGRAMMES, COORDINATION AND  DEVELOPMENT",2.8270178E7,1.19324106E8,3.3186854E7,2.14501441E8,2.07760739E8,2.07682971E8
1901-2,2 ΤΑΚΤΙΚΕΣ ΔΑΠΑΝΕΣ -  CURRENT EXPENDITURE,3844165.0,4243155.0,3937715.0,4409001.0,4482749.0,4750981.0
1901-3,3 ΑΝΑΠΤΥΞΙΑΚΕΣ ΔΑΠΑΝΕΣ -  DEVELOPMENT EXPENDITURE,2.4426013E7,1.15080951E8,2.9249139E7,2.1009244E8,2.0327799E8,2.0293199E8
1902,ΓENIKO ΛOΓIΣTHPIO - ,6.7161703E7,5.1132468E7,4.6499503E7,3.2008261E7,3.5632974E7,3.5892381E7
1902-1,1 ΠΑΓΙΟ ΤΑΜΕΙΟ -  CONSOLIDATED FUND,2.095872E7,1.970202E7,2.0E7,50020.0,50020.0,50020.0
1902-2,2 ΤΑΚΤΙΚΕΣ ΔΑΠΑΝΕΣ -  CURRENT EXPENDITURE,4.616874E7,3.1188158E7,2.644144E7,3.1735091E7,3.5366434E7,3.5625841E7
1902-3,3 ΑΝΑΠΤΥΞΙΑΚΕΣ ΔΑΠΑΝΕΣ -  DEVELOPMENT EXPENDITURE,34242.0,242290.0,58063.0,223150.0,216520.0,216520.0
20,YΠOYPΓEIO ΠAIΔEIAΣ KAI ΠOΛITIΣMOY -  MINISTRY OF EDUCATION AND CULTURE,8.79160174E8,9.86340006E8,9.64096038E8,9.93724472E8,9.97934017E8,9.98901847E8
2001,"YΠOYPΓEIO ΠAIΔEIAΣ KAI ΠOΛITIΣMOY, ΔΙΟΙΚΗΣΗ -  MINISTRY OF EDUCATION AND CULTURE,  ADMINISTRATION",8.6240776E7,1.02613995E8,9.5149635E7,1.10702773E8,1.0415595E8,9.7418116E7
2001-2,2 ΤΑΚΤΙΚΕΣ ΔΑΠΑΝΕΣ -  CURRENT EXPENDITURE,6.5619503E7,6.9623147E7,6.9637664E7,7.0528252E7,7.3036534E7,7.159035E7
2001-3,3 ΑΝΑΠΤΥΞΙΑΚΕΣ ΔΑΠΑΝΕΣ -  DEVELOPMENT EXPENDITURE,2.0621273E7,3.2990848E7,2.5511971E7,4.0174521E7,3.1119416E7,2.5827766E7
2002,ΑΝΩΤΕΡΗ ΚΑΙ ΑΝΩΤΑΤΗ ΕΚΠΑΙΔΕΥΣΗ -  HIGHER AND TERTIARY EDUCATION,1.18528261E8,1.86645739E8,1.88605867E8,1.86788514E8,1.86819364E8,1.81579144E8
2002-2,2 ΤΑΚΤΙΚΕΣ ΔΑΠΑΝΕΣ -  CURRENT EXPENDITURE,8187350.0,7.6729824E7,7.6603201E7,7.6681589E7,7.6711844E7,7.6696624E7
2002-3,3 ΑΝΑΠΤΥΞΙΑΚΕΣ ΔΑΠΑΝΕΣ -  DEVELOPMENT EXPENDITURE,1.10340911E8,1.09915915E8,1.12002666E8,1.10106925E8,1.1010752E8,1.0488252E8
2003,ΜΕΣΗ ΕΚΠΑΙΔΕΥΣΗ - ,3.17897559E8,3.22381997E8,3.14608446E8,3.18078379E8,3.22345616E8,3.26845854E8
2003-2,2 ΤΑΚΤΙΚΕΣ ΔΑΠΑΝΕΣ -  CURRENT EXPENDITURE,3.17575532E8,3.21869242E8,3.14170174E8,3.17615019E8,3.21877496E8,3.26377744E8
2003-3,3 ΑΝΑΠΤΥΞΙΑΚΕΣ ΔΑΠΑΝΕΣ -  DEVELOPMENT EXPENDITURE,322028.0,512755.0,438272.0,463360.0,468120.0,468110.0
2004,ΜΕΣΗ ΤΕΧΝΙΚΗ ΚΑΙ ΕΠΑΓΓΕΛΜΑΤΙΚΗ ΕΚΠΑΙΔΕΥΣΗ -  SECONDARY TECHNICAL AND VOCATIONAL  EDUCATION,2.9440037E7,3.0656517E7,2.9837564E7,3.0457702E7,3.0875527E7,3.1160714E7
2004-2,2 ΤΑΚΤΙΚΕΣ ΔΑΠΑΝΕΣ -  CURRENT EXPENDITURE,2.9243432E7,3.0351191E7,2.9536863E7,3.0152746E7,3.0570201E7,3.0855388E7
2004-3,3 ΑΝΑΠΤΥΞΙΑΚΕΣ ΔΑΠΑΝΕΣ -  DEVELOPMENT EXPENDITURE,196605.0,305326.0,300701.0,304956.0,305326.0,305326.0
2005,ΔΗΜΟΤΙΚΗ ΕΚΠΑΙΔΕΥΣΗ -  PRIMARY EDUCATION,3.10748216E8,3.20525786E8,3.16310654E8,3.21913535E8,3.28457033E8,3.38637978E8
2005-2,2 ΤΑΚΤΙΚΕΣ ΔΑΠΑΝΕΣ -  CURRENT EXPENDITURE,3.10110678E8,3.19883788E8,3.15775115E8,3.21259752E8,3.27802193E8,3.37983138E8
2005-3,3 ΑΝΑΠΤΥΞΙΑΚΕΣ ΔΑΠΑΝΕΣ -  DEVELOPMENT EXPENDITURE,637538.0,641998.0,535539.0,653783.0,654840.0,654840.0
2006,ΠAIΔΑΓΩΓΙΚΟ ΙΝΣΤΙΤΟΥΤΟ -  PAEDAGOGICAL INSTITUTE,4550035.0,7022927.0,6123431.0,8156911.0,7881457.0,7786217.0
2006-2,2 ΤΑΚΤΙΚΕΣ ΔΑΠΑΝΕΣ -  CURRENT EXPENDITURE,3642549.0,4976648.0,4177479.0,5108007.0,5143224.0,5168456.0
2006-3,3 ΑΝΑΠΤΥΞΙΑΚΕΣ ΔΑΠΑΝΕΣ -  DEVELOPMENT EXPENDITURE,907486.0,2046279.0,1945952.0,3048904.0,2738233.0,2617761.0
2007,KENTPO EΠIΣTHMONIKΩN EPEYNΩN -  CYPRUS RESEARCH CENTRE,414908.0,554067.0,503116.0,500636.0,456236.0,437532.0
2007-2,2 ΤΑΚΤΙΚΕΣ ΔΑΠΑΝΕΣ -  CURRENT EXPENDITURE,350771.0,428517.0,361225.0,376886.0,326186.0,307482.0
2007-3,3 ΑΝΑΠΤΥΞΙΑΚΕΣ ΔΑΠΑΝΕΣ -  DEVELOPMENT EXPENDITURE,64137.0,125550.0,141891.0,123750.0,130050.0,130050.0
2008,ΠOΛITIΣTIKEΣ  YΠHPEΣIEΣ -  CULTURAL SERVICES,1.1340381E7,1.5938978E7,1.2957325E7,1.7126022E7,1.6942834E7,1.5036292E7
2008-2,2 ΤΑΚΤΙΚΕΣ ΔΑΠΑΝΕΣ -  CURRENT EXPENDITURE,3359391.0,3836101.0,3190390.0,4027904.0,4072324.0,4175782.0
2008-3,3 ΑΝΑΠΤΥΞΙΑΚΕΣ ΔΑΠΑΝΕΣ -  DEVELOPMENT EXPENDITURE,7980991.0,1.2102877E7,9766935.0,1.3098118E7,1.287051E7,1.086051E7
21,"YΠOYPΓEIO ΜΕΤΑΦΟΡΩΝ, ΕΠΙKOINΩNIΩN KAI  EPΓΩN - MINISTRY OF TRANSPORT, COMMUNICATIONS  AND WORKS",2.31125818E8,2.76633739E8,2.1585361E8,2.58394104E8,2.60850645E8,2.60812869E8
2101,"YΠOYPΓEIO ΜΕΤΑΦΟΡΩΝ, ΕΠΙKOINΩNIΩN KAI  EPΓΩN, ΔΙΟΙΚΗΣΗ - MINISTRY OF TRANSPORT, COMMUNICATIONS  AND WORKS, ADMINISTRATION",2056282.0,6.2372938E7,5.5223487E7,5.9862918E7,5.7783314E7,5.7819516E7
2101-2,2 ΤΑΚΤΙΚΕΣ ΔΑΠΑΝΕΣ -  CURRENT EXPENDITURE,1191768.0,5.7523458E7,5.1390013E7,5.8065138E7,5.6736144E7,5.6772346E7
2101-3,3 ΑΝΑΠΤΥΞΙΑΚΕΣ ΔΑΠΑΝΕΣ -  DEVELOPMENT EXPENDITURE,864514.0,4849480.0,3833474.0,1797780.0,1047170.0,1047170.0
2102,ΤΜΗΜΑ ΔHMOΣIΩΝ EPΓΩΝ -  PUBLIC WORKS DEPARTMENT,7.665292E7,1.00837362E8,5.7990846E7,8.414159E7,8.7031428E7,8.6810102E7
2102-2,2 ΤΑΚΤΙΚΕΣ ΔΑΠΑΝΕΣ -  CURRENT EXPENDITURE,6.3600352E7,6.9894908E7,4.8035897E7,6.7101221E7,6.6876258E7,6.5815832E7
2102-3,3 ΑΝΑΠΤΥΞΙΑΚΕΣ ΔΑΠΑΝΕΣ -  DEVELOPMENT EXPENDITURE,1.3052568E7,3.0942454E7,9954949.0,1.7040369E7,2.015517E7,2.099427E7
2103,ΤΜΗΜΑ ΕΛΕΓΧΟΥ -  DEPARTMENT OF CONTROL,1305813.0,0.0,0.0,0.0,0.0,0.0
2103-2,2 ΤΑΚΤΙΚΕΣ ΔΑΠΑΝΕΣ -  CURRENT EXPENDITURE,804129.0,0.0,0.0,0.0,0.0,0.0
2103-3,3 ΑΝΑΠΤΥΞΙΑΚΕΣ ΔΑΠΑΝΕΣ -  DEVELOPMENT EXPENDITURE,501684.0,0.0,0.0,0.0,0.0,0.0
2105,TMHMA HΛEKTPONIKΩN EΠIKOINΩNIΩN -  DEPARTMENT OF ELECTRONIC  COMMUNICATIONS,1331338.0,1569738.0,1589600.0,2835716.0,2924129.0,3030382.0
2105-1,1 ΠΑΓΙΟ ΤΑΜΕΙΟ -  CONSOLIDATED FUND,65702.0,67000.0,67000.0,67000.0,67000.0,67000.0
2105-2,2 ΤΑΚΤΙΚΕΣ ΔΑΠΑΝΕΣ -  CURRENT EXPENDITURE,888849.0,1396022.0,1377189.0,2715366.0,2801079.0,2907332.0
2105-3,3 ΑΝΑΠΤΥΞΙΑΚΕΣ ΔΑΠΑΝΕΣ -  DEVELOPMENT EXPENDITURE,376787.0,106716.0,145411.0,53350.0,56050.0,56050.0
2108,TMHMA APXAIOTHTΩN -  ANTIQUITIES DEPARTMENT,1.1609237E7,1.2846801E7,1.1279379E7,1.4039806E7,1.3853819E7,1.4322075E7
2108-2,2 ΤΑΚΤΙΚΕΣ ΔΑΠΑΝΕΣ -  CURRENT EXPENDITURE,1.0553917E7,1.1360114E7,1.0038036E7,1.1638136E7,1.1834249E7,1.2032505E7
2108-3,3 ΑΝΑΠΤΥΞΙΑΚΕΣ ΔΑΠΑΝΕΣ -  DEVELOPMENT EXPENDITURE,1055319.0,1486687.0,1241343.0,2401670.0,2019570.0,2289570.0
2109,TMHMA ΠOΛITIKHΣ AEPOΠOPIAΣ -  CIVIL  AVIATION DEPARTMENT,2.9522014E7,3.476359E7,2.9979712E7,3.403727E7,3.4867735E7,3.4838959E7
2109-1,1 ΠΑΓΙΟ ΤΑΜΕΙΟ -  CONSOLIDATED FUND,2146394.0,2550000.0,2111786.0,2550000.0,2550000.0,2500000.0
2109-2,2 ΤΑΚΤΙΚΕΣ ΔΑΠΑΝΕΣ -  CURRENT EXPENDITURE,2.6471623E7,2.652113E7,2.6382122E7,2.6963707E7,2.7172025E7,2.7413249E7
2109-3,3 ΑΝΑΠΤΥΞΙΑΚΕΣ ΔΑΠΑΝΕΣ -  DEVELOPMENT EXPENDITURE,903997.0,5692460.0,1485804.0,4523563.0,5145710.0,4925710.0
2110,TMHMA EMΠOPIKHΣ NAYTIΛIAΣ -  MERCHANT SHIPPING DEPARTMENT,7320406.0,7715445.0,6536713.0,7878001.0,8371365.0,8267019.0
2110-1,1 ΠΑΓΙΟ ΤΑΜΕΙΟ -  CONSOLIDATED FUND,515731.0,680000.0,625418.0,680000.0,680000.0,680000.0
2110-2,2 ΤΑΚΤΙΚΕΣ ΔΑΠΑΝΕΣ -  CURRENT EXPENDITURE,5449150.0,6111125.0,5070663.0,6422141.0,6607295.0,6740949.0
2110-3,3 ΑΝΑΠΤΥΞΙΑΚΕΣ ΔΑΠΑΝΕΣ -  DEVELOPMENT EXPENDITURE,1355525.0,924320.0,840632.0,775860.0,1084070.0,846070.0
2111,TMHMA TAXYΔPOMIKΩN YΠHPEΣIΩN -  POSTAL SERVICES DEPARTMENT,2.4135228E7,2.4854534E7,2.4178797E7,2.4460387E7,2.512566E7,2.5561126E7
2111-1,1 ΠΑΓΙΟ ΤΑΜΕΙΟ -  CONSOLIDATED FUND,34384.0,36000.0,40000.0,36000.0,36000.0,36000.0
2111-2,2 ΤΑΚΤΙΚΕΣ ΔΑΠΑΝΕΣ -  CURRENT EXPENDITURE,2.3954061E7,2.4597994E7,2.405185E7,2.4294337E7,2.495961E7,2.5395076E7
2111-3,3 ΑΝΑΠΤΥΞΙΑΚΕΣ ΔΑΠΑΝΕΣ -  DEVELOPMENT EXPENDITURE,146783.0,220540.0,86947.0,130050.0,130050.0,130050.0
2112,TMHMA OΔIKΩN METAΦOPΩN -  ROAD TRANSPORT DEPARTMENT,5.6945787E7,9396618.0,8146177.0,8523675.0,8761582.0,8880959.0
2112-2,2 ΤΑΚΤΙΚΕΣ ΔΑΠΑΝΕΣ -  CURRENT EXPENDITURE,5.4561929E7,9274168.0,8025161.0,8523535.0,8761442.0,8880819.0
2112-3,3 ΑΝΑΠΤΥΞΙΑΚΕΣ ΔΑΠΑΝΕΣ -  DEVELOPMENT EXPENDITURE,2383858.0,122450.0,121016.0,140.0,140.0,140.0
2113,TMHMA HΛEKTPOMHXANOΛOΓIKΩN YΠHPEΣIΩN -  ELECTRICAL  AND MECHANICAL  SERVICES  DEPARTMENT,2.0246792E7,2.2276713E7,2.0928899E7,2.2614741E7,2.2131613E7,2.1282731E7
2113-2,2 ΤΑΚΤΙΚΕΣ ΔΑΠΑΝΕΣ -  CURRENT EXPENDITURE,2.0237201E7,2.0917803E7,1.9827462E7,2.1244901E7,2.1027563E7,2.0868681E7
2113-3,3 ΑΝΑΠΤΥΞΙΑΚΕΣ ΔΑΠΑΝΕΣ -  DEVELOPMENT EXPENDITURE,9591.0,1358910.0,1101437.0,1369840.0,1104050.0,414050.0
22,YΠOYPΓEIO YΓEIAΣ -  MINISTRY OF HEALTH,5.01537237E8,5.32651024E8,5.22034501E8,5.42979863E8,5.4493727E8,5.4494211E8
2201,"ΥΠOYPΓEIO ΥΓΕΙΑΣ, ΔΙΟΙΚΗΣΗ -  MINISTRY OF HEALTH, ADMINISTRATION",1.44587617E8,1.60814597E8,1.53854857E8,1.75651612E8,1.73039396E8,1.72832639E8
2201-2,2 ΤΑΚΤΙΚΕΣ ΔΑΠΑΝΕΣ -  CURRENT EXPENDITURE,1.43101799E8,1.52626284E8,1.49628357E8,1.69311969E8,1.66608156E8,1.66401399E8
2201-3,3 ΑΝΑΠΤΥΞΙΑΚΕΣ ΔΑΠΑΝΕΣ -  DEVELOPMENT EXPENDITURE,1485818.0,8188313.0,4226500.0,6339643.0,6431240.0,6431240.0
2202,IATPIKEΣ YΠHPEΣIEΣ KAI YΠHPEΣIEΣ ΔHMOΣIAΣ  YΓEIAΣ - MEDICAL AND PUBLIC HEALTH SERVICES,2.26808782E8,2.43326379E8,2.41694223E8,2.39372763E8,2.39562723E8,2.39297822E8
2202-2,2 ΤΑΚΤΙΚΕΣ ΔΑΠΑΝΕΣ -  CURRENT EXPENDITURE,2.18901614E8,2.34124593E8,2.32500328E8,2.23276001E8,2.26626003E8,2.25861096E8
2202-3,3 ΑΝΑΠΤΥΞΙΑΚΕΣ ΔΑΠΑΝΕΣ -  DEVELOPMENT EXPENDITURE,7907168.0,9201786.0,9193895.0,1.6096762E7,1.293672E7,1.3436726E7
2203,YΠHPEΣIEΣ ΨYXIKHΣ YΓEIAΣ - ,9230801.0,9699135.0,8757845.0,9895888.0,1.001796E7,1.021007E7
2203-2,2 ΤΑΚΤΙΚΕΣ ΔΑΠΑΝΕΣ -  CURRENT EXPENDITURE,9166492.0,9624852.0,8738650.0,9810418.0,9931870.0,1.012398E7
2203-3,3 ΑΝΑΠΤΥΞΙΑΚΕΣ ΔΑΠΑΝΕΣ -  DEVELOPMENT EXPENDITURE,64309.0,74283.0,19195.0,85470.0,86090.0,86090.0
2204,OΔONTIATPIKEΣ YΠHPEΣIEΣ -  DENTAL SERVICES,4304713.0,4486320.0,4192108.0,4385496.0,4742779.0,4892084.0
2204-2,2 ΤΑΚΤΙΚΕΣ ΔΑΠΑΝΕΣ -  CURRENT EXPENDITURE,4249621.0,4430081.0,4144192.0,4293244.0,4650449.0,4799754.0
2204-3,3 ΑΝΑΠΤΥΞΙΑΚΕΣ ΔΑΠΑΝΕΣ -  DEVELOPMENT EXPENDITURE,55092.0,56239.0,47916.0,92252.0,92330.0,92330.0
2205,ΦAPMAKEYTIKEΣ YΠHPEΣIEΣ -  PHARMACEUTICAL SERVICES,1.09379118E8,1.06748969E8,1.06151116E8,1.06105247E8,1.09882813E8,1.10006912E8
2205-2,2 ΤΑΚΤΙΚΕΣ ΔΑΠΑΝΕΣ -  CURRENT EXPENDITURE,1.09221592E8,1.06581249E8,1.06E8,1.05973537E8,1.09749753E8,1.09873852E8
2205-3,3 ΑΝΑΠΤΥΞΙΑΚΕΣ ΔΑΠΑΝΕΣ -  DEVELOPMENT EXPENDITURE,157526.0,167720.0,151116.0,131710.0,133060.0,133060.0
2206,ΓENIKO XHMEIO ΤΟΥ ΚΡΑΤΟΥΣ -  STATE GENERAL LABORATORY,7226206.0,7575624.0,7384352.0,7568857.0,7691599.0,7702583.0
2206-2,2 ΤΑΚΤΙΚΕΣ ΔΑΠΑΝΕΣ -  CURRENT EXPENDITURE,6440937.0,6644259.0,6584352.0,6436593.0,6527849.0,6538833.0
2206-3,3 ΑΝΑΠΤΥΞΙΑΚΕΣ ΔΑΠΑΝΕΣ -  DEVELOPMENT EXPENDITURE,785.269 ,931365.0,800000.0,1132264.0,1163750.0,1163750.0